nodes,edges,dijkstra_time,bellman_ford_time,dijkstra_distance,bellman_ford_distance,same_result
100,0,2.6700086891651154e-05,2.5499961338937283e-05,inf,inf,True
300,2,4.67000063508749e-05,6.310001481324434e-05,inf,inf,True
1000,64,0.00014929997269064188,0.0002378999488428235,inf,inf,True
3000,621,0.0003850000211969018,0.0007698000408709049,inf,inf,True
10000,6613,0.0022255999501794577,0.006649099988862872,inf,inf,True
